{"success":true,"terms":"https:\/\/currencylayer.com\/terms","privacy":"https:\/\/currencylayer.com\/privacy","timestamp":1438171688,"source":"USD","quotes":{"USDAED":3.67315,"USDAFN":61.110001,"USDALL":126.439499,"USDAMD":478.540009,"USDANG":1.789682,"USDAOA":125.900002,"USDARS":9.16925,"USDAUD":1.369497,"USDAWG":1.79,"USDAZN":1.052104,"USDBAM":1.77245,"USDBBD":2,"USDBDT":77.839951,"USDBGN":1.772501,"USDBHD":0.37699,"USDBIF":1567.650024,"USDBMD":1,"USDBND":1.36625,"USDBOB":6.909807,"USDBRL":3.36975,"USDBSD":1,"USDBTC":0.003456,"USDBTN":63.856251,"USDBWP":10.07695,"USDBYR":15190,"USDBZD":2.014998,"USDCAD":1.29605,"USDCDF":921.999798,"USDCHF":0.962855,"USDCLF":0.0246,"USDCLP":664.844971,"USDCNY":6.2118,"USDCOP":2856.300049,"USDCRC":533.299988,"USDCUC":1,"USDCUP":0.999884,"USDCVE":99.847002,"USDCZK":24.544502,"USDDJF":177.604996,"USDDKK":6.761703,"USDDOP":45.075001,"USDDZD":99.254997,"USDEEK":14.153973,"USDEGP":7.830097,"USDERN":15.280359,"USDETB":20.745001,"USDEUR":0.906294,"USDFJD":2.133974,"USDFKP":0.633302,"USDGBP":0.639351,"USDGEL":2.274019,"USDGGP":0.63946,"USDGHS":3.694994,"USDGIP":0.6404,"USDGMD":39.599998,"USDGNF":7361.450195,"USDGTQ":7.670501,"USDGYD":207.210007,"USDHKD":7.75095,"USDHNL":21.948202,"USDHRK":6.88525,"USDHTG":55.930599,"USDHUF":280.850006,"USDIDR":13457,"USDILS":3.78145,"USDIMP":0.63948,"USDINR":63.895023,"USDIQD":1160.949951,"USDIRR":29563.99963,"USDISK":133.690002,"USDJEP":0.63944,"USDJMD":117.074249,"USDJOD":0.70825,"USDJPY":123.724998,"USDKES":101.695503,"USDKGS":60.9333,"USDKHR":4018.399902,"USDKMF":445.845093,"USDKPW":899.999734,"USDKRW":1158.14502,"USDKWD":0.30285,"USDKYD":0.819771,"USDKZT":187.475006,"USDLAK":8191.350098,"USDLBP":1508.074951,"USDLKR":133.764999,"USDLRD":84.660004,"USDLSL":12.541989,"USDLTL":3.048701,"USDLVL":0.62055,"USDLYD":1.37635,"USDMAD":9.80355,"USDMDL":18.850197,"USDMGA":3302.050049,"USDMKD":55.839743,"USDMMK":1242.599976,"USDMNT":1980.499027,"USDMOP":7.98345,"USDMRO":326.49782,"USDMUR":35.369999,"USDMVR":15.360041,"USDMWK":460.295013,"USDMXN":16.296049,"USDMYR":3.808802,"USDMZN":38.384998,"USDNAD":12.542009,"USDNGN":199.259995,"USDNIO":27.355596,"USDNOK":8.15385,"USDNPR":102.169998,"USDNZD":1.498902,"USDOMR":0.384981,"USDPAB":1,"USDPEN":3.18495,"USDPGK":2.76745,"USDPHP":45.500503,"USDPKR":101.794998,"USDPLN":3.75575,"USDPYG":5147.447226,"USDQAR":3.641297,"USDRON":4.00735,"USDRSD":108.945015,"USDRUB":59.460301,"USDRWF":725.5,"USDSAR":3.75025,"USDSBD":7.905632,"USDSCR":12.89295,"USDSDG":5.962104,"USDSEK":8.58475,"USDSGD":1.36641,"USDSHP":0.640403,"USDSLL":3930.000424,"USDSOS":668.950012,"USDSRD":3.29594,"USDSTD":22182.5,"USDSVC":8.73803,"USDSYP":188.822006,"USDSZL":12.541949,"USDTHB":34.962002,"USDTJS":6.260199,"USDTMT":3.5,"USDTND":1.96255,"USDTOP":2.127081,"USDTRY":2.76035,"USDTTD":6.338699,"USDTWD":31.400999,"USDTZS":2106.300049,"USDUAH":22.049999,"USDUGX":3405.00036,"USDUSD":1,"USDUYU":28.440001,"USDUZS":2575.179932,"USDVEF":6.349777,"USDVND":21819.5,"USDVUV":110.150002,"USDWST":2.601993,"USDXAF":594.460083,"USDXAG":0.068348,"USDXAU":0.000912,"USDXCD":2.695784,"USDXDR":0.71525,"USDXOF":594.460083,"USDXPF":108.144203,"USDYER":215.205002,"USDZAR":12.54885,"USDZMK":5156.098491,"USDZMW":7.650122,"USDZWL":322.355011}}